<?xml version='1.0' encoding='UTF-8' ?>
<beans xmlns="http://www.springframework.org/schema/beans"
       xmlns:xsi="http://www.w3.org/2001/XMLSchema-instance"
       xmlns:context="http://www.springframework.org/schema/context"
       xmlns:mvc="http://www.springframework.org/schema/mvc"
       xsi:schemaLocation="http://www.springframework.org/schema/beans http://www.springframework.org/schema/beans/spring-beans-4.0.xsd
       http://www.springframework.org/schema/context http://www.springframework.org/schema/context/spring-context-4.0.xsd
       http://www.springframework.org/schema/mvc http://www.springframework.org/schema/mvc/spring-mvc-4.0.xsd">


    <mvc:annotation-driven/>
    <!--controller package -->
    <context:component-scan base-package="airlineManager"/>

    <bean id="templateResolver"
          class="org.thymeleaf.spring4.templateresolver.SpringResourceTemplateResolver">
        <property name="prefix" value="/WEB-INF/views/"/>
        <property name="suffix" value=".html"/>
        <property name="templateMode" value="HTML"/>
        <property name="cacheable" value="true"/>
    </bean>

    <bean id="templateEngine"
          class="org.thymeleaf.spring4.SpringTemplateEngine">
        <property name="templateResolver" ref="templateResolver"/>
        <property name="enableSpringELCompiler" value="true"/>
    </bean>

    <bean id="viewResolver" class="org.thymeleaf.spring4.view.ThymeleafViewResolver">
        <property name="templateEngine" ref="templateEngine"/>
        <property name="characterEncoding" value="UTF-8"/>
        <property name="order" value="1"/>
        <property name="viewNames" value="*"/>
    </bean>

    <!--<bean class="org.springframework.web.servlet.view.ContentNegotiatingViewResolver">
        <property name="viewResolvers">
            <list>-->
    <!--ссылка на объявленный ранее бин -->
    <!--<ref bean="viewResolver"/>
</list>
</property>
<property name="contentNegotiationManager">
<bean class="org.springframework.web.accept.ContentNegotiationManager">
    <constructor-arg>
        <bean class="org.springframework.web.accept.PathExtensionContentNegotiationStrategy">
            <constructor-arg>
                <map>
                    <entry key="json" value="application/json"/>-->
    <!-- при использовании только json-объектов вывод в xml можно убрать -->
    <!--<entry key="xml" value="application/xml"/>
</map>
</constructor-arg>
</bean>
</constructor-arg>
</bean>
</property>
<property name="defaultViews">
<list>
<bean class="org.springframework.web.servlet.view.json.MappingJackson2JsonView"/>
</list>
</property>
</bean>-->

    <mvc:resources location="/resources/" mapping="/resources/**"/>
</beans>
